new,emotion,class
X公司主营产品销量再创历史新高。然而销量创新高，公司股价却创新低。对此，X工作人员表示，一月份行业需求确实会有一点疲软，紧随其后是二月份春节长假，也是销售淡季。不过就全行业横向对比来看，公司的趋势依然不变。,中,"业绩报告
股价异动"
1月30日收盘，X当日下跌4.26%，创近3年以来新低。盘后，X公布了创纪录的优异业绩，2023年归母净利润同比增长38.31%至48.07%。,中,"业绩报告
股价异动"
1月31日，Y板块跳水，但X一度逼近涨停,中,股价异动
近日，X连续第二个交易日上演“地天板”，近7个交易日收获4涨停3跌停。,中,"业绩报告
股价异动"
2023年X主营销量创历史新高，但股价仍低迷不振，估值较低。,中,"业绩报告
股价异动"
X：终止重大资产重组事项并撤回申请5日复牌　　通讯社报道，X 1月4日晚间发布公告称，2014年12月29日，公司收到某公司控股股东关于提议解除其与X《发行股份及支付现金购买资产协议》的函，该公司认为因X发行股份及支付现金购买资产并募集配套资金暨关联交易（简称“本次交易”）被暂停审核且本次交易进程无具体时间表，对其的经营造成了很大的影响，该股东提出解除与公司签署的所有交易文件并终止本次交易。经双方协商沟通，X与该股东最终未能就其继续履行原协议达成一致意见。　　基于以上原因，本次交易已无法继续推进，故本次交易只能终止。X将向中国证监会申请撤回本次交易相关申请文件。公司股票自1月5日开市起恢复交易。　　,负,重大资产重组
X实控人再出手增持10万股　　01月04日讯　　X1月4日晚间公告，公司实际控制人、董事长在12月31日通过竞价交易增持公司股份10万股，占总股本0.02%。这也是其10天内第二度出手。,正,股东增减持
X：大股东易位化解债券兑付危机　　通过引入新的机构投资者，2021年12月29日，X兑付了本息共计25.6亿余元的债券回售资金，最终化解了此次债券兑付危机，股票于当日复牌。,正,股东增减持
X：主业强势升级可期 买入评级　　X于2023年2月3日发布公告：扩增Y行业相关经营管理，在保证主营业务不变的情况下拓展业务范围。,正,公司经营动态
X部分高管及核心员工增持股份达1.12%　　7月7日晚间公告，X公司部分高管及核心员工增持公司股份587.02万股，占公司已发行总股本的1.12%。,正,员工持股
01月04日讯　　蚂蚁金融服务集团1月4日宣布，去年12月10日已向中国国际经济贸易仲裁委员会提起仲裁申请，要求X履行协议，向天弘基金缴纳应缴出资额6943万元。　　记者获悉，蚂蚁金服同时请求裁决称，在X全额缴纳出资额之前，依法限制X对于天弘基金未出资部分的股东权利。如果X在生效裁决所确定的付款日依然拒不履行缴纳出资义务，蚂蚁金服还申请裁决解除X的增资权及增资资格。　,负,诉讼仲裁
X终止重大资产重组事项 撤回申请文件　　X 3月29日晚间公告，鉴于公司重大资产重组申请被暂停审核时间较长，重大资产重组相关的股东大会决议因逾期已经失效，无法继续进行。　　为了保护公司及广大中小股东利益，并经交易各方协商，根据有关规定，公司决定终止重组并向证监会申请撤回重组的相关申请文件。,负,重大资产重组
X股东内讧    X表示，股东层面的行为并不影响公司任何的业务运营，X将一如既往的保持基金管理人的独立性，履行基金管理人的应尽职责，维护好基金持有人的权益。,负,纠纷
X重组“黑天鹅” 融资客损失惨重讨说法　　X重组失败暴跌，给整个Y板块带来巨大压力，之前成飞集成的总融资额高达13亿元，其股价大跌令很多融资客被强行平仓。　即使被认为“板上钉钉”的重组，一旦出现问题，板子也会从上面掉下来，以一字跌停的形式压在持有X的投资者身上，特别是通过融资融券业务加大投资的融资者们。　X重组失败的信息给其带来了三个跌停板，遭遇重大损失的投资者认为这是X的信息披露不及时造成的，而X管理层也表示很无奈，现在的情况恐怕是双方都不愿意看到的结果，但是却是不得不面对的情况。,负,重大资产重组
5月17日，X尾盘跌停，上演“天地板”，换手率达28%，此前连续2日涨停。,负,股价异动
"今日，X公司宣布将启动股票回购计划，计划在未来12个月内回购不超过2%的流通股。此次回购计划旨在提高公司股东价值，增强投资者信心，并展示公司对未来发展的信心。X公司表示，回购资金将用于优化公司资本结构，支持公司业务发展，以及为员工激励计划提供股票。根据公司章程，回购股份将按照市场价格进行。X公司管理层表示，回购计划将有助于提升公司股票的市场价值，并增强投资者对公司前景的信心。

",正,回购
"近日，X公司宣布推出股权激励计划。根据该计划，X公司将向公司高管、核心技术人员和优秀员工发放共计5%的限制性股票，激励他们为公司创造更多价值。

",正,股权激励
"即将迎来限售股解禁的X公司近日成为市场关注焦点。据悉，X公司将有80%的限售股于本月解禁，市场担忧这可能会对股价产生压力。然而，X公司对此表示，公司基本面稳固，业务发展势头良好，对此次限售股解禁具备信心。

",正,限售股解禁
近日，X宣布其定向增发计划获得监管部门批准。此次定增吸引了多家知名机构投资者积极参与，市场对此反应正面。X公司表示，通过此次定增，公司将进一步扩大业务规模，提升市场竞争力。,正,定增
X公司今日发布年度分红预案，宣布实施高比例送转股，每10股转增5股并派发现金红利2元。此预案一经公布，立即引发市场热议。多数股东对此表示欢迎，认为高比例送转股将增加股票流动性，提升投资吸引力，预期将对股价产生正面效应。然而，也有部分投资者表达担忧，认为过高的送转比例可能意味着公司对未来盈利能力的信心不足，担心这可能会对公司的长期发展产生负面影响。市场观点分歧，X公司送转股预案在带来喜悦的同时，也引发了一定程度的市场焦虑。,中,送转股
X公司发布公告称，公司因涉嫌信息披露违规，遭到监管部门的立案调查。,负,立案调查
近日，X公司因在产品宣传中涉嫌虚假广告，被监管部门予以严厉处罚。根据处罚决定，X公司被罚款10%公司市值，并要求公开道歉。此次违规内容主要涉及公司在其产品广告中夸大功效，误导消费者。X公司对此表示诚挚歉意，承诺将严格整改，加强内部监管，确保合规经营。尽管公司表态积极，但此次违规处罚仍给市场留下了不良印象，X公司股票面临短期下行压力。此次事件提醒企业必须坚守诚信底线，以正面积极的态度重塑市场信任。,负,违规处罚
X公司因涉嫌违规为关联企业提供担保，被监管部门勒令整改。具体违规内容为，X公司在未履行必要决策程序及披露义务的情况下，为一家关联企业提供了大额贷款担保，违反了相关法律法规。,负,担保
X公司成功拓展业务版图 新设子公司备受市场看好：X公司宣布正式成立一家全资子公司，专注于新兴科技领域的研发与市场拓展。这一举措标志着X公司规模扩张和业务延伸取得重要突破,正,公司经营动态
